Name,Vel,SHI
DDO 154,447.3,
DDO 154,444.8,
DDO 154,442.2,
DDO 154,439.6,0.0056403
DDO 154,437.0,0.01965
DDO 154,434.4,0.043424
DDO 154,431.8,0.079204
DDO 154,429.3,0.14399
DDO 154,426.7,0.20844
DDO 154,424.1,0.31795
DDO 154,421.5,0.42436
DDO 154,418.9,0.5403
DDO 154,416.3,0.65007
DDO 154,413.8,0.76784
DDO 154,411.2,0.84623
DDO 154,408.6,0.88979
DDO 154,406.0,0.88509
DDO 154,403.4,0.88679
DDO 154,400.8,0.85185
DDO 154,398.2,0.86206
DDO 154,395.7,0.84211
DDO 154,393.1,0.7889
DDO 154,390.5,0.78674
DDO 154,387.9,0.79949
DDO 154,385.3,0.79989
DDO 154,382.7,0.79829
DDO 154,380.2,0.8106
DDO 154,377.6,0.80207
DDO 154,375.0,0.80643
DDO 154,372.4,0.79841
DDO 154,369.8,0.82647
DDO 154,367.3,0.863
DDO 154,364.7,0.86542
DDO 154,362.1,0.89821
DDO 154,359.5,0.90919
DDO 154,356.9,0.92215
DDO 154,354.3,0.94019
DDO 154,351.8,0.96187
DDO 154,349.2,0.99088
DDO 154,346.6,0.99758
DDO 154,344.0,0.97635
DDO 154,341.4,0.95992
DDO 154,338.8,0.91064
DDO 154,336.3,0.8257
DDO 154,333.7,0.71146
DDO 154,331.1,0.56253
DDO 154,328.5,0.44486
DDO 154,325.9,0.30424
DDO 154,323.3,0.20891
DDO 154,320.8,0.12404
DDO 154,318.2,0.070101
DDO 154,315.6,0.037712
DDO 154,313.0,0.0071823
DDO 154,310.4,
DDO 154,307.8,
DDO 154,305.3,
DDO 154,302.7,
DDO  53,69.0,
DDO  53,66.4,
DDO  53,63.8,
DDO  53,61.2,
DDO  53,58.7,
DDO  53,56.1,
DDO  53,53.5,0.015242
DDO  53,50.9,0.028065
DDO  53,48.3,0.04062
DDO  53,45.8,0.061496
DDO  53,43.2,0.089489
DDO  53,40.6,0.13176
DDO  53,38.0,0.18839
DDO  53,35.5,0.25331
DDO  53,32.9,0.33141
DDO  53,30.3,0.40717
DDO  53,27.7,0.49257
DDO  53,25.2,0.57164
DDO  53,22.6,0.6295
DDO  53,20.0,0.64294
DDO  53,17.4,0.65043
DDO  53,14.8,0.60678
DDO  53,12.3,0.55669
DDO  53,9.7,0.46844
DDO  53,7.1,0.38035
DDO  53,4.5,0.31776
DDO  53,2.0,0.23888
DDO  53,-0.6,0.23946
DDO  53,-3.2,0.17184
DDO  53,-5.8,0.11989
DDO  53,-8.3,0.061868
DDO  53,-10.9,0.026638
DDO  53,-13.5,0.020067
DDO  53,-16.1,
DDO  53,-18.7,
DDO  53,-21.2,
DDO  53,-23.8,
DDO  53,-26.4,
DDO  53,-29.0,
DDO  53,-31.5,
DDO  53,-34.1,
Ho I,187.4,
Ho I,184.9,
Ho I,182.3,
Ho I,179.7,0.006197
Ho I,177.1,0.0081544
Ho I,174.5,0.028033
Ho I,171.9,0.021115
Ho I,169.4,0.061829
Ho I,166.8,0.093744
Ho I,164.2,0.15684
Ho I,161.6,0.24982
Ho I,159.0,0.36955
Ho I,156.5,0.51262
Ho I,153.9,0.6483
Ho I,151.3,0.82999
Ho I,148.7,0.98298
Ho I,146.1,1.1737
Ho I,143.6,1.3047
Ho I,141.0,1.3386
Ho I,138.4,1.3712
Ho I,135.8,1.3257
Ho I,133.3,1.2151
Ho I,130.7,1.0675
Ho I,128.1,0.87259
Ho I,125.5,0.69244
Ho I,122.9,0.46088
Ho I,120.4,0.30553
Ho I,117.8,0.18896
Ho I,115.2,0.11919
Ho I,112.6,0.076661
Ho I,110.0,0.031429
Ho I,107.5,0.011402
Ho I,104.9,
Ho I,102.3,
Ho I,99.8,
Ho I,97.2,
Ho II,239.0,
Ho II,236.4,
Ho II,233.9,
Ho II,231.3,
Ho II,228.7,
Ho II,226.1,
Ho II,223.5,
Ho II,221.0,
Ho II,218.4,
Ho II,215.8,0.01592
Ho II,213.2,0.025608
Ho II,210.6,0.05339
Ho II,208.1,0.066766
Ho II,205.5,0.11244
Ho II,202.9,0.17914
Ho II,200.3,0.23845
Ho II,197.7,0.32156
Ho II,195.2,0.47531
Ho II,192.6,0.75347
Ho II,190.0,1.0594
Ho II,187.4,1.4525
Ho II,184.8,1.9861
Ho II,182.3,2.5092
Ho II,179.7,2.8688
Ho II,177.1,3.231
Ho II,174.5,3.4098
Ho II,171.9,3.5368
Ho II,169.4,3.5861
Ho II,166.8,3.6767
Ho II,164.2,3.7529
Ho II,161.6,3.672
Ho II,159.0,3.6867
Ho II,156.5,3.7264
Ho II,153.9,3.6766
Ho II,151.3,3.706
Ho II,148.7,3.7935
Ho II,146.1,3.7868
Ho II,143.6,3.8119
Ho II,141.0,3.7298
Ho II,138.4,3.6283
Ho II,135.8,3.3653
Ho II,133.3,2.9907
Ho II,130.7,2.5258
Ho II,128.1,1.9644
Ho II,125.5,1.4085
Ho II,122.9,0.90891
Ho II,120.4,0.61004
Ho II,117.8,0.35865
Ho II,115.2,0.21545
Ho II,112.6,0.12212
Ho II,110.0,
Ho II,107.4,
Ho II,104.9,
Ho II,102.3,
IC 2574,146.3,
IC 2574,143.7,
IC 2574,141.1,
IC 2574,138.6,
IC 2574,136.0,
IC 2574,133.4,0.010897
IC 2574,130.8,0.021664
IC 2574,128.2,0.047735
IC 2574,125.7,0.081727
IC 2574,123.1,0.1335
IC 2574,120.5,0.22314
IC 2574,117.9,0.35305
IC 2574,115.3,0.54514
IC 2574,112.8,0.78535
IC 2574,110.2,1.0559
IC 2574,107.6,1.3696
IC 2574,105.0,1.7131
IC 2574,102.4,2.0696
IC 2574,99.9,2.3917
IC 2574,97.3,2.6936
IC 2574,94.7,2.9124
IC 2574,92.1,3.0872
IC 2574,89.6,3.2066
IC 2574,87.0,3.2963
IC 2574,84.4,3.3409
IC 2574,81.8,3.2835
IC 2574,79.2,3.2488
IC 2574,76.7,3.2295
IC 2574,74.1,3.1937
IC 2574,71.5,3.1566
IC 2574,68.9,3.1288
IC 2574,66.4,3.0977
IC 2574,63.8,3.0993
IC 2574,61.2,3.1272
IC 2574,58.6,3.1727
IC 2574,56.0,3.2695
IC 2574,53.5,3.4339
IC 2574,50.9,3.5511
IC 2574,48.3,3.6037
IC 2574,45.7,3.5568
IC 2574,43.2,3.4833
IC 2574,40.6,3.4819
IC 2574,38.0,3.5088
IC 2574,35.4,3.5714
IC 2574,32.8,3.6248
IC 2574,30.3,3.6936
IC 2574,27.7,3.7322
IC 2574,25.1,3.7612
IC 2574,22.5,3.7788
IC 2574,20.0,3.8163
IC 2574,17.4,3.789
IC 2574,14.8,3.7434
IC 2574,12.2,3.5875
IC 2574,9.7,3.3238
IC 2574,7.1,3.0405
IC 2574,4.5,2.7736
IC 2574,1.9,2.6595
IC 2574,-0.7,2.3491
IC 2574,-3.2,1.97
IC 2574,-5.8,1.6361
IC 2574,-8.4,1.4228
IC 2574,-11.0,1.1969
IC 2574,-13.5,1.0081
IC 2574,-16.1,0.81243
IC 2574,-18.7,0.62252
IC 2574,-21.3,0.44867
IC 2574,-23.8,0.30467
IC 2574,-26.4,0.20196
IC 2574,-29.0,0.12445
IC 2574,-31.6,0.070352
IC 2574,-34.1,0.025805
IC 2574,-36.7,0.0075767
IC 2574,-39.3,
IC 2574,-41.9,
IC 2574,-44.4,
IC 2574,-47.0,
IC 2574,-49.6,
IC 2574,-52.2,
IC 2574,-54.7,
IC 2574,-57.3,
IC 2574,-59.9,
IC 2574,-62.5,
IC 2574,-65.0,
M81 DwA,137.4,
M81 DwA,136.2,
M81 DwA,134.9,
M81 DwA,133.6,
M81 DwA,132.3,
M81 DwA,131.0,0.018695
M81 DwA,129.8,0.031944
M81 DwA,128.5,0.036497
M81 DwA,127.2,0.050278
M81 DwA,125.9,0.067686
M81 DwA,124.6,0.075666
M81 DwA,123.3,0.086746
M81 DwA,122.0,0.097846
M81 DwA,120.7,0.12292
M81 DwA,119.4,0.14737
M81 DwA,118.2,0.16915
M81 DwA,116.9,0.17963
M81 DwA,115.6,0.19399
M81 DwA,114.3,0.1985
M81 DwA,113.0,0.20516
M81 DwA,111.7,0.18792
M81 DwA,110.4,0.18253
M81 DwA,109.1,0.16075
M81 DwA,107.8,0.14912
M81 DwA,106.6,0.13076
M81 DwA,105.3,0.11982
M81 DwA,104.0,0.10672
M81 DwA,102.7,0.095291
M81 DwA,101.4,0.078628
M81 DwA,100.1,0.076585
M81 DwA,98.8,0.068219
M81 DwA,97.5,0.053789
M81 DwA,96.2,0.03739
M81 DwA,95.0,0.036268
M81 DwA,93.7,0.023414
M81 DwA,92.4,
M81 DwA,91.1,
M81 DwA,89.8,
M81 DwA,88.5,
M81 DwA,87.3,
M81 DwA,86.0,
M81 DwB,386.2,0.003274
M81 DwB,383.6,0.0056915
M81 DwB,381.0,0.0062619
M81 DwB,378.4,0.016744
M81 DwB,375.8,0.01678
M81 DwB,373.2,0.021396
M81 DwB,370.7,0.038622
M81 DwB,368.1,0.048704
M81 DwB,365.5,0.06303
M81 DwB,362.9,0.068521
M81 DwB,360.3,0.075965
M81 DwB,357.7,0.085127
M81 DwB,355.2,0.07841
M81 DwB,352.6,0.081214
M81 DwB,350.0,0.078607
M81 DwB,347.4,0.077354
M81 DwB,344.8,0.070569
M81 DwB,342.3,0.075501
M81 DwB,339.7,0.065972
M81 DwB,337.1,0.076987
M81 DwB,334.5,0.078851
M81 DwB,331.9,0.070842
M81 DwB,329.3,0.066228
M81 DwB,326.8,0.051207
M81 DwB,324.2,0.039911
M81 DwB,321.6,0.030455
M81 DwB,319.0,0.024699
M81 DwB,316.4,0.013875
M81 DwB,313.9,0.012642
M81 DwB,311.3,0.0085084
M81 DwB,308.7,0.0059313
M81 DwB,306.1,
M81 DwB,303.5,
M81 DwB,301.0,
NGC 1569,7.9,
NGC 1569,5.3,
NGC 1569,2.7,
NGC 1569,0.2,
NGC 1569,-2.4,
NGC 1569,-5.0,
NGC 1569,-7.6,
NGC 1569,-10.1,
NGC 1569,-12.7,
NGC 1569,-15.3,
NGC 1569,-17.9,
NGC 1569,-20.5,
NGC 1569,-23.0,
NGC 1569,-25.6,0.36001
NGC 1569,-28.2,0.30983
NGC 1569,-30.8,0.33042
NGC 1569,-33.3,0.39402
NGC 1569,-35.9,0.40174
NGC 1569,-38.5,0.4143
NGC 1569,-41.1,0.4063
NGC 1569,-43.6,0.43769
NGC 1569,-46.2,0.45975
NGC 1569,-48.8,0.41759
NGC 1569,-51.4,0.42683
NGC 1569,-53.9,0.51168
NGC 1569,-56.5,0.63678
NGC 1569,-59.1,0.71116
NGC 1569,-61.7,0.74843
NGC 1569,-64.2,0.8811
NGC 1569,-66.8,0.9472
NGC 1569,-69.4,0.9993
NGC 1569,-72.0,0.99972
NGC 1569,-74.6,1.0204
NGC 1569,-77.1,0.99575
NGC 1569,-79.7,1.0365
NGC 1569,-82.3,1.0241
NGC 1569,-84.9,1.0612
NGC 1569,-87.4,1.0439
NGC 1569,-90.0,1.0271
NGC 1569,-92.6,1.0205
NGC 1569,-95.1,0.97616
NGC 1569,-97.7,0.93757
NGC 1569,-100.3,0.91093
NGC 1569,-102.9,0.87222
NGC 1569,-105.4,0.84465
NGC 1569,-108.0,0.80216
NGC 1569,-110.6,0.78208
NGC 1569,-113.2,0.87019
NGC 1569,-115.7,0.73106
NGC 1569,-118.3,0.6634
NGC 1569,-120.9,0.61356
NGC 1569,-123.5,0.56137
NGC 1569,-126.0,0.52282
NGC 1569,-128.6,0.46294
NGC 1569,-131.2,0.4147
NGC 1569,-133.8,0.38218
NGC 1569,-136.3,0.35823
NGC 1569,-138.9,0.28286
NGC 1569,-141.5,0.29364
NGC 1569,-144.1,0.2382
NGC 1569,-146.6,0.22967
NGC 1569,-149.2,0.17768
NGC 1569,-151.8,0.14989
NGC 1569,-154.4,0.14441
NGC 1569,-156.9,0.10551
NGC 1569,-159.5,0.090648
NGC 1569,-162.1,0.067138
NGC 1569,-164.7,0.064054
NGC 1569,-167.2,0.053537
NGC 1569,-169.8,
NGC 1569,-172.3,
NGC 1569,-174.9,
NGC 1569,-177.5,
NGC 1569,-180.1,
NGC 1569,-182.7,
NGC 2366,187.7,
NGC 2366,185.1,
NGC 2366,182.5,
NGC 2366,179.9,
NGC 2366,177.4,
NGC 2366,174.8,
NGC 2366,172.2,0.019468
NGC 2366,169.6,0.042651
NGC 2366,167.1,0.075214
NGC 2366,164.5,0.14814
NGC 2366,161.9,0.24889
NGC 2366,159.3,0.39567
NGC 2366,156.7,0.60985
NGC 2366,154.2,0.88329
NGC 2366,151.6,1.1655
NGC 2366,149.0,1.3905
NGC 2366,146.4,1.6141
NGC 2366,143.8,1.7755
NGC 2366,141.3,1.969
NGC 2366,138.7,2.1007
NGC 2366,136.1,2.24
NGC 2366,133.5,2.375
NGC 2366,130.9,2.4634
NGC 2366,128.4,2.5135
NGC 2366,125.8,2.518
NGC 2366,123.2,2.4875
NGC 2366,120.6,2.4691
NGC 2366,118.0,2.4377
NGC 2366,115.5,2.3965
NGC 2366,112.9,2.3732
NGC 2366,110.3,2.3135
NGC 2366,107.7,2.3142
NGC 2366,105.2,2.292
NGC 2366,102.6,2.2555
NGC 2366,100.0,2.2793
NGC 2366,97.4,2.315
NGC 2366,94.8,2.3244
NGC 2366,92.3,2.3431
NGC 2366,89.7,2.3741
NGC 2366,87.1,2.3778
NGC 2366,84.5,2.3537
NGC 2366,82.0,2.2812
NGC 2366,79.4,2.2216
NGC 2366,76.8,2.1497
NGC 2366,74.2,2.1152
NGC 2366,71.6,2.1061
NGC 2366,69.1,2.0829
NGC 2366,66.5,2.067
NGC 2366,63.9,2.0577
NGC 2366,61.3,2.0134
NGC 2366,58.8,1.8553
NGC 2366,56.2,1.6217
NGC 2366,53.6,1.4135
NGC 2366,51.0,1.2178
NGC 2366,48.4,1.0009
NGC 2366,45.9,0.74728
NGC 2366,43.3,0.51907
NGC 2366,40.7,0.31721
NGC 2366,38.1,0.18416
NGC 2366,35.6,0.077765
NGC 2366,33.0,0.042836
NGC 2366,30.4,0.012339
NGC 2366,27.8,0.001614
NGC 2366,25.2,
NGC 2366,22.6,
NGC 2366,20.1,
NGC 2403,288.7,
NGC 2403,283.5,
NGC 2403,278.4,
NGC 2403,273.2,0.010165
NGC 2403,268.0,0.085386
NGC 2403,262.9,0.63329
NGC 2403,257.7,1.747
NGC 2403,252.5,3.6251
NGC 2403,247.4,5.1853
NGC 2403,242.2,5.7734
NGC 2403,237.1,5.8142
NGC 2403,231.9,5.4231
NGC 2403,226.7,4.9312
NGC 2403,221.6,4.7904
NGC 2403,216.4,4.6796
NGC 2403,211.2,4.6827
NGC 2403,206.1,4.794
NGC 2403,200.9,4.7698
NGC 2403,195.8,4.4326
NGC 2403,190.6,4.2746
NGC 2403,185.5,4.2491
NGC 2403,180.3,4.2336
NGC 2403,175.1,4.1585
NGC 2403,170.0,4.1102
NGC 2403,164.8,4.1945
NGC 2403,159.7,4.2515
NGC 2403,154.5,4.2294
NGC 2403,149.3,4.1746
NGC 2403,144.2,4.0998
NGC 2403,139.0,3.9895
NGC 2403,133.9,4.038
NGC 2403,128.7,3.8664
NGC 2403,123.6,3.8679
NGC 2403,118.4,3.6478
NGC 2403,113.2,3.5208
NGC 2403,108.1,3.5026
NGC 2403,102.9,3.5894
NGC 2403,97.8,3.508
NGC 2403,92.6,3.5332
NGC 2403,87.5,3.585
NGC 2403,82.3,3.6818
NGC 2403,77.1,3.8357
NGC 2403,72.0,3.8751
NGC 2403,66.8,4.0221
NGC 2403,61.7,4.0165
NGC 2403,56.5,3.9445
NGC 2403,51.4,4.1523
NGC 2403,46.2,4.2037
NGC 2403,41.1,4.4299
NGC 2403,35.9,4.7496
NGC 2403,30.8,4.8738
NGC 2403,25.6,4.7751
NGC 2403,20.4,4.144
NGC 2403,15.3,2.7725
NGC 2403,10.1,1.5512
NGC 2403,5.0,0.87226
NGC 2403,-0.2,0.38479
NGC 2403,-5.0,
NGC 2403,-10.2,
NGC 2403,-15.3,
NGC 2403,-20.5,
NGC 2841,974.8,
NGC 2841,969.6,
NGC 2841,964.4,
NGC 2841,959.2,
NGC 2841,954.0,0.010326
NGC 2841,948.8,0.021244
NGC 2841,943.6,0.048058
NGC 2841,938.4,0.11363
NGC 2841,933.3,0.19106
NGC 2841,928.1,0.30407
NGC 2841,922.9,0.39975
NGC 2841,917.7,0.45537
NGC 2841,912.5,0.46706
NGC 2841,907.3,0.47849
NGC 2841,902.1,0.48575
NGC 2841,897.0,0.53113
NGC 2841,891.8,0.5007
NGC 2841,886.6,0.51713
NGC 2841,881.4,0.45238
NGC 2841,876.2,0.44226
NGC 2841,871.0,0.41649
NGC 2841,865.9,0.3877
NGC 2841,860.7,0.37672
NGC 2841,855.5,0.37233
NGC 2841,850.3,0.35922
NGC 2841,845.1,0.34215
NGC 2841,839.9,0.31353
NGC 2841,834.8,0.31445
NGC 2841,829.6,0.31219
NGC 2841,824.4,0.29131
NGC 2841,819.2,0.30994
NGC 2841,814.0,0.32114
NGC 2841,808.9,0.31965
NGC 2841,803.7,0.31593
NGC 2841,798.5,0.32886
NGC 2841,793.3,0.32741
NGC 2841,788.1,0.31218
NGC 2841,783.0,0.31037
NGC 2841,777.8,0.28903
NGC 2841,772.6,0.27964
NGC 2841,767.4,0.25917
NGC 2841,762.2,0.27563
NGC 2841,757.1,0.26292
NGC 2841,751.9,0.28282
NGC 2841,746.7,0.26087
NGC 2841,741.5,0.25012
NGC 2841,736.3,0.25935
NGC 2841,731.2,0.25936
NGC 2841,726.0,0.27199
NGC 2841,720.8,0.26878
NGC 2841,715.6,0.27869
NGC 2841,710.5,0.2831
NGC 2841,705.3,0.28033
NGC 2841,700.1,0.28243
NGC 2841,694.9,0.27513
NGC 2841,689.7,0.27839
NGC 2841,684.6,0.27825
NGC 2841,679.4,0.27683
NGC 2841,674.2,0.26272
NGC 2841,669.0,0.26367
NGC 2841,663.9,0.25471
NGC 2841,658.7,0.25545
NGC 2841,653.5,0.25287
NGC 2841,648.3,0.25825
NGC 2841,643.2,0.26916
NGC 2841,638.0,0.26608
NGC 2841,632.8,0.2539
NGC 2841,627.6,0.25367
NGC 2841,622.5,0.25624
NGC 2841,617.3,0.23849
NGC 2841,612.1,0.22689
NGC 2841,606.9,0.2306
NGC 2841,601.8,0.21321
NGC 2841,596.6,0.21987
NGC 2841,591.4,0.23344
NGC 2841,586.2,0.223
NGC 2841,581.1,0.21938
NGC 2841,575.9,0.21014
NGC 2841,570.7,0.19286
NGC 2841,565.6,0.1801
NGC 2841,560.4,0.18661
NGC 2841,555.2,0.18364
NGC 2841,550.0,0.19983
NGC 2841,544.9,0.19602
NGC 2841,539.7,0.20601
NGC 2841,534.5,0.22319
NGC 2841,529.4,0.23492
NGC 2841,524.2,0.22977
NGC 2841,519.0,0.21157
NGC 2841,513.8,0.19245
NGC 2841,508.7,0.17885
NGC 2841,503.5,0.1771
NGC 2841,498.3,0.1737
NGC 2841,493.2,0.19133
NGC 2841,488.0,0.19467
NGC 2841,482.8,0.19191
NGC 2841,477.7,0.18984
NGC 2841,472.5,0.19419
NGC 2841,467.3,0.20868
NGC 2841,462.1,0.21327
NGC 2841,457.0,0.22084
NGC 2841,451.8,0.22291
NGC 2841,446.6,0.21928
NGC 2841,441.5,0.22503
NGC 2841,436.3,0.23226
NGC 2841,431.1,0.22625
NGC 2841,426.0,0.24103
NGC 2841,420.8,0.24937
NGC 2841,415.6,0.2765
NGC 2841,410.5,0.29639
NGC 2841,405.3,0.33283
NGC 2841,400.1,0.35601
NGC 2841,395.0,0.40777
NGC 2841,389.8,0.42181
NGC 2841,384.6,0.44499
NGC 2841,379.5,0.48338
NGC 2841,374.3,0.54084
NGC 2841,369.1,0.59972
NGC 2841,364.0,0.62111
NGC 2841,358.8,0.63514
NGC 2841,353.6,0.59491
NGC 2841,348.5,0.47781
NGC 2841,343.3,0.33256
NGC 2841,338.1,0.22806
NGC 2841,333.0,0.15058
NGC 2841,327.8,0.077575
NGC 2841,322.6,0.022745
NGC 2841,317.4,
NGC 2841,312.2,
NGC 2841,307.0,
NGC 2841,301.8,
NGC 2841,296.7,
NGC 2903,773.4,0.0070409
NGC 2903,768.2,0.015363
NGC 2903,763.0,0.041372
NGC 2903,757.8,0.085356
NGC 2903,752.7,0.14906
NGC 2903,747.5,0.24282
NGC 2903,742.3,0.38396
NGC 2903,737.1,0.57355
NGC 2903,732.0,0.78462
NGC 2903,726.8,0.8687
NGC 2903,721.6,0.8327
NGC 2903,716.4,0.81947
NGC 2903,711.2,0.81664
NGC 2903,706.1,0.77168
NGC 2903,700.9,0.71566
NGC 2903,695.7,0.68042
NGC 2903,690.5,0.667
NGC 2903,685.4,0.61502
NGC 2903,680.2,0.60202
NGC 2903,675.0,0.60826
NGC 2903,669.8,0.59439
NGC 2903,664.7,0.59327
NGC 2903,659.5,0.55786
NGC 2903,654.3,0.53107
NGC 2903,649.1,0.53347
NGC 2903,643.9,0.51184
NGC 2903,638.8,0.49415
NGC 2903,633.6,0.47284
NGC 2903,628.4,0.4458
NGC 2903,623.2,0.44581
NGC 2903,618.1,0.45698
NGC 2903,612.9,0.46287
NGC 2903,607.7,0.45653
NGC 2903,602.6,0.45437
NGC 2903,597.4,0.45537
NGC 2903,592.2,0.45028
NGC 2903,587.0,0.44871
NGC 2903,581.9,0.43877
NGC 2903,576.7,0.43919
NGC 2903,571.5,0.45173
NGC 2903,566.3,0.44269
NGC 2903,561.2,0.43297
NGC 2903,556.0,0.42172
NGC 2903,550.8,0.42876
NGC 2903,545.6,0.43375
NGC 2903,540.5,0.44496
NGC 2903,535.3,0.46027
NGC 2903,530.1,0.47255
NGC 2903,525.0,0.4908
NGC 2903,519.8,0.49174
NGC 2903,514.6,0.49695
NGC 2903,509.4,0.51381
NGC 2903,504.3,0.54115
NGC 2903,499.1,0.55642
NGC 2903,493.9,0.58262
NGC 2903,488.8,0.58822
NGC 2903,483.6,0.59159
NGC 2903,478.4,0.57529
NGC 2903,473.3,0.56634
NGC 2903,468.1,0.56068
NGC 2903,462.9,0.56671
NGC 2903,457.8,0.57966
NGC 2903,452.6,0.58409
NGC 2903,447.4,0.57729
NGC 2903,442.2,0.57571
NGC 2903,437.1,0.58201
NGC 2903,431.9,0.60596
NGC 2903,426.7,0.63047
NGC 2903,421.6,0.64711
NGC 2903,416.4,0.69373
NGC 2903,411.2,0.7533
NGC 2903,406.1,0.8368
NGC 2903,400.9,0.94661
NGC 2903,395.7,1.0466
NGC 2903,390.6,1.1349
NGC 2903,385.4,1.1334
NGC 2903,380.2,1.0178
NGC 2903,375.1,0.80485
NGC 2903,369.9,0.5429
NGC 2903,364.7,0.3052
NGC 2903,359.6,0.15978
NGC 2903,354.4,0.081827
NGC 2903,349.2,0.026585
NGC 2903,344.1,0.0082183
NGC 2903,338.9,0.00036223
NGC 2976,106.1,
NGC 2976,100.9,
NGC 2976,95.8,
NGC 2976,90.6,0.0060833
NGC 2976,85.4,0.032265
NGC 2976,80.3,0.079482
NGC 2976,75.1,0.14793
NGC 2976,70.0,0.20946
NGC 2976,64.8,0.23093
NGC 2976,59.7,0.23141
NGC 2976,54.5,0.23273
NGC 2976,49.4,0.24341
NGC 2976,44.2,0.26245
NGC 2976,39.1,0.29626
NGC 2976,33.9,0.31483
NGC 2976,28.8,0.32601
NGC 2976,23.6,0.32489
NGC 2976,18.5,0.30147
NGC 2976,13.3,0.28
NGC 2976,8.2,0.30868
NGC 2976,3.0,0.35851
NGC 2976,-2.2,0.21368
NGC 2976,-7.3,0.43183
NGC 2976,-12.5,0.33545
NGC 2976,-17.6,0.3451
NGC 2976,-22.8,0.33305
NGC 2976,-27.9,0.33635
NGC 2976,-33.1,0.36835
NGC 2976,-38.2,0.38473
NGC 2976,-43.4,0.39404
NGC 2976,-48.5,0.37435
NGC 2976,-53.7,0.3182
NGC 2976,-58.8,0.25268
NGC 2976,-64.0,0.22682
NGC 2976,-69.1,0.12853
NGC 2976,-74.3,0.10071
NGC 2976,-79.4,0.052503
NGC 2976,-84.6,0.018028
NGC 2976,-89.7,0.0061051
NGC 2976,-94.9,
NGC 2976,-100.0,
NGC 2976,-105.2,
NGC 3031,189.5,0.45356
NGC 3031,187.0,0.47972
NGC 3031,184.4,0.66887
NGC 3031,181.8,0.68175
NGC 3031,179.2,0.86125
NGC 3031,176.7,0.96303
NGC 3031,174.1,1.2282
NGC 3031,171.5,1.4687
NGC 3031,168.9,1.7229
NGC 3031,166.3,2.0388
NGC 3031,163.8,2.1969
NGC 3031,161.2,2.4084
NGC 3031,158.6,2.5
NGC 3031,156.0,2.699
NGC 3031,153.4,2.884
NGC 3031,150.9,3.1824
NGC 3031,148.3,3.5272
NGC 3031,145.7,3.8752
NGC 3031,143.1,4.3003
NGC 3031,140.5,4.7198
NGC 3031,138.0,5.0469
NGC 3031,135.4,5.5006
NGC 3031,132.8,5.7793
NGC 3031,130.2,5.806
NGC 3031,127.6,5.4916
NGC 3031,125.1,5.2021
NGC 3031,122.5,5.1122
NGC 3031,119.9,5.0278
NGC 3031,117.3,4.959
NGC 3031,114.8,4.8271
NGC 3031,112.2,4.8354
NGC 3031,109.6,4.815
NGC 3031,107.0,4.7912
NGC 3031,104.4,4.8373
NGC 3031,101.9,4.7296
NGC 3031,99.3,4.5357
NGC 3031,96.7,4.2402
NGC 3031,94.1,3.9534
NGC 3031,91.6,3.6364
NGC 3031,89.0,3.4895
NGC 3031,86.4,3.0569
NGC 3031,83.8,3.1511
NGC 3031,81.2,2.4682
NGC 3031,78.7,2.7407
NGC 3031,76.1,2.685
NGC 3031,73.5,2.5557
NGC 3031,70.9,2.6135
NGC 3031,68.4,2.7157
NGC 3031,65.8,2.7666
NGC 3031,63.2,2.7819
NGC 3031,60.6,2.8007
NGC 3031,58.0,2.8064
NGC 3031,55.5,2.7823
NGC 3031,52.9,2.8351
NGC 3031,50.3,2.7735
NGC 3031,47.7,2.8041
NGC 3031,45.2,2.7602
NGC 3031,42.6,2.7502
NGC 3031,40.0,2.6536
NGC 3031,37.4,2.7266
NGC 3031,34.8,2.9797
NGC 3031,32.3,2.9612
NGC 3031,29.7,2.9529
NGC 3031,27.1,2.9896
NGC 3031,24.5,2.9513
NGC 3031,22.0,2.9419
NGC 3031,19.4,2.8427
NGC 3031,16.8,2.7963
NGC 3031,14.2,2.6279
NGC 3031,11.7,2.5605
NGC 3031,9.1,2.5339
NGC 3031,6.5,2.4682
NGC 3031,3.9,2.2534
NGC 3031,1.3,2.0822
NGC 3031,-1.2,1.6702
NGC 3031,-3.8,1.4525
NGC 3031,-6.4,2.0019
NGC 3031,-9.0,1.6777
NGC 3031,-11.5,1.6558
NGC 3031,-14.1,1.7409
NGC 3031,-16.7,1.9921
NGC 3031,-19.3,2.1761
NGC 3031,-21.8,2.265
NGC 3031,-24.4,2.1266
NGC 3031,-27.0,1.9486
NGC 3031,-29.6,1.9985
NGC 3031,-32.1,2.0534
NGC 3031,-34.7,2.0062
NGC 3031,-37.3,2.0718
NGC 3031,-39.9,2.3325
NGC 3031,-42.4,2.1084
NGC 3031,-45.0,2.3755
NGC 3031,-47.6,2.2648
NGC 3031,-50.2,2.2677
NGC 3031,-52.7,3.2421
NGC 3031,-55.3,2.5316
NGC 3031,-57.9,2.396
NGC 3031,-60.5,2.2885
NGC 3031,-63.1,2.3102
NGC 3031,-65.6,2.0727
NGC 3031,-68.2,2.1152
NGC 3031,-70.8,2.0855
NGC 3031,-73.4,2.0777
NGC 3031,-75.9,2.1461
NGC 3031,-78.5,2.1163
NGC 3031,-81.1,2.1564
NGC 3031,-83.7,2.1914
NGC 3031,-86.2,2.2181
NGC 3031,-88.8,2.228
NGC 3031,-91.4,2.2291
NGC 3031,-94.0,2.2202
NGC 3031,-96.5,2.1836
NGC 3031,-99.1,2.14
NGC 3031,-101.7,2.175
NGC 3031,-104.3,2.2523
NGC 3031,-106.8,2.334
NGC 3031,-109.4,2.4146
NGC 3031,-112.0,2.4527
NGC 3031,-114.5,2.5273
NGC 3031,-117.1,2.4482
NGC 3031,-119.7,2.3619
NGC 3031,-122.3,2.3097
NGC 3031,-124.8,2.1637
NGC 3031,-127.4,2.1683
NGC 3031,-130.0,2.1275
NGC 3031,-132.6,2.2033
NGC 3031,-135.1,2.7911
NGC 3031,-137.7,2.8063
NGC 3031,-140.3,2.874
NGC 3031,-142.9,2.9678
NGC 3031,-145.4,3.1269
NGC 3031,-148.0,2.963
NGC 3031,-150.6,2.7648
NGC 3031,-153.2,2.5905
NGC 3031,-155.7,2.5476
NGC 3031,-158.3,2.4083
NGC 3031,-160.9,2.2557
NGC 3031,-163.5,2.2813
NGC 3031,-166.0,2.2497
NGC 3031,-168.6,2.1622
NGC 3031,-171.2,2.2084
NGC 3031,-173.8,2.2872
NGC 3031,-176.3,2.4367
NGC 3031,-178.9,2.5621
NGC 3031,-181.5,2.6385
NGC 3031,-184.0,2.6724
NGC 3031,-186.6,2.6747
NGC 3031,-189.2,2.6079
NGC 3031,-191.8,2.5838
NGC 3031,-194.3,2.5905
NGC 3031,-196.9,2.6575
NGC 3031,-199.5,2.7092
NGC 3031,-202.1,2.75
NGC 3031,-204.6,2.7881
NGC 3031,-207.2,2.771
NGC 3031,-209.8,2.693
NGC 3031,-212.3,2.5356
NGC 3031,-214.9,2.419
NGC 3031,-217.5,2.2957
NGC 3031,-220.1,2.1753
NGC 3031,-222.6,2.0601
NGC 3031,-225.2,1.944
NGC 3031,-227.8,1.8517
NGC 3031,-230.4,1.7763
NGC 3031,-232.9,1.7309
NGC 3031,-235.5,1.643
NGC 3031,-238.1,1.4844
NGC 3031,-240.6,1.4016
NGC 3031,-243.2,1.3805
NGC 3031,-245.8,1.1315
NGC 3031,-248.4,0.95743
NGC 3031,-250.9,0.79368
NGC 3031,-253.5,0.64994
NGC 3031,-256.1,0.50313
NGC 3031,-258.7,0.38955
NGC 3031,-261.2,0.26792
NGC 3031,-263.8,0.1536
NGC 3031,-266.4,0.10661
NGC 3077,93.4,
NGC 3077,90.8,
NGC 3077,88.2,
NGC 3077,85.7,
NGC 3077,83.1,
NGC 3077,80.5,0.016817
NGC 3077,77.9,0.032247
NGC 3077,75.3,0.081457
NGC 3077,72.8,0.1215
NGC 3077,70.2,0.1806
NGC 3077,67.6,0.26004
NGC 3077,65.0,0.33748
NGC 3077,62.5,0.49344
NGC 3077,59.9,0.60462
NGC 3077,57.3,0.77341
NGC 3077,54.7,1.0191
NGC 3077,52.1,1.3449
NGC 3077,49.6,1.6528
NGC 3077,47.0,2.0431
NGC 3077,44.4,2.3376
NGC 3077,41.8,2.6065
NGC 3077,39.3,2.8226
NGC 3077,36.7,2.9443
NGC 3077,34.1,3.0988
NGC 3077,31.5,3.1978
NGC 3077,29.0,3.2737
NGC 3077,26.4,3.3065
NGC 3077,23.8,3.3483
NGC 3077,21.2,3.3387
NGC 3077,18.6,3.3622
NGC 3077,16.1,3.3461
NGC 3077,13.5,3.2803
NGC 3077,10.9,3.3019
NGC 3077,8.3,3.2127
NGC 3077,5.8,3.0485
NGC 3077,3.2,2.7838
NGC 3077,0.6,2.6809
NGC 3077,-2.0,2.0694
NGC 3077,-4.5,1.9034
NGC 3077,-7.1,2.2195
NGC 3077,-9.7,2.2163
NGC 3077,-12.3,2.1392
NGC 3077,-14.8,1.9784
NGC 3077,-17.4,1.7569
NGC 3077,-20.0,1.6016
NGC 3077,-22.6,1.4813
NGC 3077,-25.2,1.3319
NGC 3077,-27.7,1.1813
NGC 3077,-30.3,1.1723
NGC 3077,-32.9,0.99176
NGC 3077,-35.5,0.87284
NGC 3077,-38.0,0.77704
NGC 3077,-40.6,0.72626
NGC 3077,-43.2,0.65434
NGC 3077,-45.8,0.65161
NGC 3077,-48.3,0.68822
NGC 3077,-50.9,0.73708
NGC 3077,-53.5,0.90748
NGC 3077,-56.1,0.7254
NGC 3077,-58.6,0.66725
NGC 3077,-61.2,0.63233
NGC 3077,-63.8,0.53191
NGC 3077,-66.4,0.45107
NGC 3077,-68.9,0.41419
NGC 3077,-71.5,0.37248
NGC 3077,-74.1,0.33307
NGC 3077,-76.7,0.32781
NGC 3077,-79.2,0.29854
NGC 3077,-81.8,0.2508
NGC 3077,-84.4,0.28652
NGC 3077,-87.0,0.2524
NGC 3077,-89.5,0.23335
NGC 3077,-92.1,0.26058
NGC 3077,-94.7,0.19903
NGC 3077,-97.3,0.22515
NGC 3077,-99.8,0.16828
NGC 3077,-102.4,0.1293
NGC 3077,-105.0,0.10161
NGC 3077,-107.6,0.044194
NGC 3077,-110.1,0.043689
NGC 3077,-112.7,0.034256
NGC 3077,-115.3,
NGC 3077,-117.9,
NGC 3077,-120.4,
NGC 3077,-123.0,
NGC 3077,-125.6,
NGC 3077,-128.2,
NGC 3077,-130.7,
NGC 3077,-133.3,
NGC 3077,-135.9,
NGC 3077,-138.5,
NGC 3077,-141.0,
NGC 3077,-143.6,
NGC 3077,-146.2,
NGC 3077,-148.8,
NGC 3077,-151.3,
NGC 3077,-153.9,
NGC 3077,-156.5,
NGC 3184,682.6,
NGC 3184,680.0,
NGC 3184,677.4,0.0083126
NGC 3184,674.8,0.029775
NGC 3184,672.2,0.063424
NGC 3184,669.6,0.088583
NGC 3184,667.0,0.1376
NGC 3184,664.4,0.21481
NGC 3184,661.9,0.28667
NGC 3184,659.3,0.39247
NGC 3184,656.7,0.54787
NGC 3184,654.1,0.68681
NGC 3184,651.5,0.80743
NGC 3184,648.9,0.90492
NGC 3184,646.3,0.94518
NGC 3184,643.7,0.96639
NGC 3184,641.2,0.93582
NGC 3184,638.6,0.8945
NGC 3184,636.0,0.84615
NGC 3184,633.4,0.79985
NGC 3184,630.8,0.75552
NGC 3184,628.2,0.7256
NGC 3184,625.6,0.69457
NGC 3184,623.0,0.68159
NGC 3184,620.5,0.65606
NGC 3184,617.9,0.64603
NGC 3184,615.3,0.62153
NGC 3184,612.7,0.6094
NGC 3184,610.1,0.59426
NGC 3184,607.5,0.59798
NGC 3184,604.9,0.61428
NGC 3184,602.3,0.60089
NGC 3184,599.8,0.61133
NGC 3184,597.2,0.62878
NGC 3184,594.6,0.6239
NGC 3184,592.0,0.65129
NGC 3184,589.4,0.64077
NGC 3184,586.8,0.66854
NGC 3184,584.2,0.68929
NGC 3184,581.7,0.69474
NGC 3184,579.1,0.70786
NGC 3184,576.5,0.72945
NGC 3184,573.9,0.73475
NGC 3184,571.3,0.74743
NGC 3184,568.7,0.75015
NGC 3184,566.1,0.76052
NGC 3184,563.6,0.78665
NGC 3184,561.0,0.81048
NGC 3184,558.4,0.85024
NGC 3184,555.8,0.88107
NGC 3184,553.2,0.91326
NGC 3184,550.6,0.95738
NGC 3184,548.0,0.99528
NGC 3184,545.5,1.0167
NGC 3184,542.9,1.0493
NGC 3184,540.3,1.0364
NGC 3184,537.7,0.97733
NGC 3184,535.1,0.87529
NGC 3184,532.5,0.71962
NGC 3184,529.9,0.56752
NGC 3184,527.4,0.43246
NGC 3184,524.8,0.32215
NGC 3184,522.2,0.23351
NGC 3184,519.6,0.14864
NGC 3184,517.0,0.089833
NGC 3184,514.4,0.063236
NGC 3184,511.8,0.026082
NGC 3184,509.3,0.014756
NGC 3184,506.7,0.016645
NGC 3184,504.1,0.007132
NGC 3184,501.5,
NGC 3184,498.9,
NGC 3198,844.6,
NGC 3198,839.1,
NGC 3198,833.9,0.0098377
NGC 3198,828.7,0.02733
NGC 3198,823.5,0.085942
NGC 3198,818.3,0.21653
NGC 3198,813.2,0.44371
NGC 3198,808.0,0.76996
NGC 3198,802.8,1.0623
NGC 3198,797.6,1.2032
NGC 3198,792.4,1.1806
NGC 3198,787.3,1.1166
NGC 3198,782.1,1.0099
NGC 3198,776.9,0.9036
NGC 3198,771.7,0.82928
NGC 3198,766.5,0.78583
NGC 3198,761.4,0.77873
NGC 3198,756.2,0.75083
NGC 3198,751.0,0.7262
NGC 3198,745.8,0.71064
NGC 3198,740.7,0.7062
NGC 3198,735.5,0.68328
NGC 3198,730.3,0.65546
NGC 3198,725.1,0.65947
NGC 3198,719.9,0.67475
NGC 3198,714.8,0.66505
NGC 3198,709.6,0.64902
NGC 3198,704.4,0.64614
NGC 3198,699.2,0.62638
NGC 3198,694.1,0.61181
NGC 3198,688.9,0.59757
NGC 3198,683.7,0.5904
NGC 3198,678.5,0.59448
NGC 3198,673.4,0.58614
NGC 3198,668.2,0.58987
NGC 3198,663.0,0.57366
NGC 3198,657.8,0.5556
NGC 3198,652.7,0.54757
NGC 3198,647.5,0.53713
NGC 3198,642.3,0.52049
NGC 3198,637.1,0.5125
NGC 3198,632.0,0.50872
NGC 3198,626.8,0.51533
NGC 3198,621.6,0.51293
NGC 3198,616.4,0.52843
NGC 3198,611.3,0.54977
NGC 3198,606.1,0.57384
NGC 3198,600.9,0.61357
NGC 3198,595.7,0.6379
NGC 3198,590.6,0.63959
NGC 3198,585.4,0.64027
NGC 3198,580.2,0.64597
NGC 3198,575.1,0.64944
NGC 3198,569.9,0.68489
NGC 3198,564.7,0.7116
NGC 3198,559.5,0.74579
NGC 3198,554.4,0.78986
NGC 3198,549.2,0.83666
NGC 3198,544.0,0.90899
NGC 3198,538.9,1.0268
NGC 3198,533.7,1.1328
NGC 3198,528.5,1.198
NGC 3198,523.3,1.1556
NGC 3198,518.2,0.91504
NGC 3198,513.0,0.61619
NGC 3198,507.8,0.34466
NGC 3198,502.7,0.17692
NGC 3198,497.5,0.072184
NGC 3198,492.3,0.025288
NGC 3198,487.2,0.0045218
NGC 3198,482.0,
NGC 3198,476.8,
NGC 3351,966.6,
NGC 3351,961.4,
NGC 3351,956.2,
NGC 3351,951.1,
NGC 3351,945.9,
NGC 3351,940.7,
NGC 3351,935.5,0.0021349
NGC 3351,930.3,0.0066975
NGC 3351,925.1,0.018666
NGC 3351,919.9,0.050481
NGC 3351,914.7,0.11489
NGC 3351,909.5,0.25099
NGC 3351,904.3,0.34168
NGC 3351,899.2,0.35901
NGC 3351,894.0,0.32308
NGC 3351,888.8,0.28803
NGC 3351,883.6,0.23582
NGC 3351,878.4,0.21711
NGC 3351,873.2,0.19931
NGC 3351,868.1,0.18528
NGC 3351,862.9,0.17372
NGC 3351,857.7,0.15949
NGC 3351,852.5,0.16081
NGC 3351,847.3,0.15421
NGC 3351,842.1,0.14502
NGC 3351,837.0,0.13241
NGC 3351,831.8,0.13499
NGC 3351,826.6,0.12298
NGC 3351,821.4,0.11058
NGC 3351,816.2,0.10956
NGC 3351,811.1,0.12777
NGC 3351,805.9,0.1181
NGC 3351,800.7,0.12149
NGC 3351,795.5,0.13287
NGC 3351,790.3,0.13479
NGC 3351,785.2,0.11768
NGC 3351,780.0,0.11586
NGC 3351,774.8,0.11879
NGC 3351,769.6,0.12176
NGC 3351,764.4,0.12219
NGC 3351,759.3,0.11358
NGC 3351,754.1,0.12474
NGC 3351,748.9,0.12986
NGC 3351,743.7,0.13484
NGC 3351,738.5,0.1342
NGC 3351,733.4,0.12561
NGC 3351,728.2,0.12904
NGC 3351,723.0,0.13367
NGC 3351,717.8,0.13407
NGC 3351,712.6,0.14525
NGC 3351,707.5,0.14682
NGC 3351,702.3,0.16325
NGC 3351,697.1,0.17585
NGC 3351,691.9,0.18405
NGC 3351,686.8,0.1895
NGC 3351,681.6,0.22137
NGC 3351,676.4,0.24687
NGC 3351,671.2,0.25612
NGC 3351,666.1,0.28831
NGC 3351,660.9,0.34796
NGC 3351,655.7,0.35475
NGC 3351,650.5,0.284
NGC 3351,645.4,0.1634
NGC 3351,640.2,0.07454
NGC 3351,635.0,0.026524
NGC 3351,629.8,0.012088
NGC 3351,624.6,
NGC 3351,619.4,
NGC 3351,614.2,
NGC 3351,609.1,
NGC 3521,1085.7,
NGC 3521,1079.9,
NGC 3521,1074.7,
NGC 3521,1069.5,
NGC 3521,1064.3,
NGC 3521,1059.1,
NGC 3521,1053.9,0.0026967
NGC 3521,1048.7,0.013538
NGC 3521,1043.5,0.03319
NGC 3521,1038.3,0.091457
NGC 3521,1033.1,0.19076
NGC 3521,1027.9,0.32776
NGC 3521,1022.7,0.47069
NGC 3521,1017.5,0.56868
NGC 3521,1012.4,0.61492
NGC 3521,1007.2,0.65009
NGC 3521,1002.0,0.70454
NGC 3521,996.8,0.83742
NGC 3521,991.6,1.0056
NGC 3521,986.4,1.0859
NGC 3521,981.2,1.0493
NGC 3521,976.0,0.96378
NGC 3521,970.9,0.88484
NGC 3521,965.7,0.79558
NGC 3521,960.5,0.74577
NGC 3521,955.3,0.72774
NGC 3521,950.1,0.71504
NGC 3521,944.9,0.68016
NGC 3521,939.7,0.65004
NGC 3521,934.6,0.60814
NGC 3521,929.4,0.57244
NGC 3521,924.2,0.56086
NGC 3521,919.0,0.55255
NGC 3521,913.8,0.54741
NGC 3521,908.6,0.54335
NGC 3521,903.5,0.51729
NGC 3521,898.3,0.50779
NGC 3521,893.1,0.49842
NGC 3521,887.9,0.48715
NGC 3521,882.7,0.48646
NGC 3521,877.5,0.48436
NGC 3521,872.4,0.48248
NGC 3521,867.2,0.4803
NGC 3521,862.0,0.47811
NGC 3521,856.8,0.48894
NGC 3521,851.6,0.49359
NGC 3521,846.4,0.50481
NGC 3521,841.3,0.4985
NGC 3521,836.1,0.48653
NGC 3521,830.9,0.48385
NGC 3521,825.7,0.48877
NGC 3521,820.5,0.4951
NGC 3521,815.3,0.49649
NGC 3521,810.2,0.52747
NGC 3521,805.0,0.51638
NGC 3521,799.8,0.51336
NGC 3521,794.6,0.51085
NGC 3521,789.4,0.50598
NGC 3521,784.3,0.50178
NGC 3521,779.1,0.49337
NGC 3521,773.9,0.49985
NGC 3521,768.7,0.50479
NGC 3521,763.5,0.51448
NGC 3521,758.4,0.51711
NGC 3521,753.2,0.52313
NGC 3521,748.0,0.53364
NGC 3521,742.8,0.53223
NGC 3521,737.7,0.52877
NGC 3521,732.5,0.53528
NGC 3521,727.3,0.53455
NGC 3521,722.1,0.53377
NGC 3521,716.9,0.51837
NGC 3521,711.8,0.52493
NGC 3521,706.6,0.53398
NGC 3521,701.4,0.53991
NGC 3521,696.2,0.56942
NGC 3521,691.1,0.57932
NGC 3521,685.9,0.62637
NGC 3521,680.7,0.65727
NGC 3521,675.5,0.70552
NGC 3521,670.3,0.76852
NGC 3521,665.2,0.79406
NGC 3521,660.0,0.79244
NGC 3521,654.8,0.76367
NGC 3521,649.6,0.76011
NGC 3521,644.5,0.74378
NGC 3521,639.3,0.76852
NGC 3521,634.1,0.78319
NGC 3521,628.9,0.8217
NGC 3521,623.8,0.84373
NGC 3521,618.6,0.90343
NGC 3521,613.4,0.98704
NGC 3521,608.2,1.0316
NGC 3521,603.1,1.0481
NGC 3521,597.9,1.031
NGC 3521,592.7,0.93672
NGC 3521,587.6,0.79084
NGC 3521,582.4,0.63886
NGC 3521,577.2,0.48973
NGC 3521,572.0,0.36154
NGC 3521,566.9,0.25681
NGC 3521,561.7,0.15921
NGC 3521,556.5,0.078403
NGC 3521,551.3,0.033749
NGC 3521,546.2,0.011096
NGC 3521,541.0,
NGC 3521,535.8,
NGC 3521,530.6,
NGC 3521,525.4,
NGC 3621,923.1,
NGC 3621,917.9,
NGC 3621,912.7,
NGC 3621,907.6,
NGC 3621,902.4,
NGC 3621,897.2,0.02237
NGC 3621,892.0,0.061857
NGC 3621,886.8,0.14639
NGC 3621,881.6,0.32725
NGC 3621,876.4,0.49872
NGC 3621,871.3,0.90228
NGC 3621,866.1,1.3466
NGC 3621,860.9,1.9606
NGC 3621,855.7,2.6445
NGC 3621,850.5,3.1232
NGC 3621,845.4,3.1679
NGC 3621,840.2,3.0062
NGC 3621,835.0,2.7742
NGC 3621,829.8,2.5719
NGC 3621,824.6,2.3815
NGC 3621,819.5,2.3482
NGC 3621,814.3,2.3323
NGC 3621,809.1,2.3722
NGC 3621,803.9,2.3872
NGC 3621,798.7,2.3421
NGC 3621,793.5,2.3006
NGC 3621,788.4,2.2346
NGC 3621,783.2,2.2026
NGC 3621,778.0,2.1632
NGC 3621,772.8,2.2174
NGC 3621,767.7,2.2873
NGC 3621,762.5,2.31
NGC 3621,757.3,2.2801
NGC 3621,752.1,2.2491
NGC 3621,746.9,2.2475
NGC 3621,741.8,2.1651
NGC 3621,736.6,2.0678
NGC 3621,731.4,2.1078
NGC 3621,726.2,2.1128
NGC 3621,721.0,2.1828
NGC 3621,715.9,2.1825
NGC 3621,710.7,2.2266
NGC 3621,705.5,2.1667
NGC 3621,700.3,2.166
NGC 3621,695.2,2.0611
NGC 3621,690.0,2.1144
NGC 3621,684.8,2.0737
NGC 3621,679.6,2.0979
NGC 3621,674.5,2.1597
NGC 3621,669.3,2.2439
NGC 3621,664.1,2.185
NGC 3621,658.9,2.1489
NGC 3621,653.8,2.2194
NGC 3621,648.6,2.2593
NGC 3621,643.4,2.3181
NGC 3621,638.2,2.3928
NGC 3621,633.1,2.5269
NGC 3621,627.9,2.7042
NGC 3621,622.7,3.0444
NGC 3621,617.5,3.3303
NGC 3621,612.4,3.4705
NGC 3621,607.2,3.3576
NGC 3621,602.0,2.9412
NGC 3621,596.8,2.2829
NGC 3621,591.7,1.4517
NGC 3621,586.5,0.77306
NGC 3621,581.3,0.32437
NGC 3621,576.2,0.060389
NGC 3621,571.0,
NGC 3621,565.8,
NGC 3621,560.7,
NGC 3621,555.5,
NGC 3627,947.8,
NGC 3627,942.6,
NGC 3627,937.4,0.0027647
NGC 3627,932.2,0.0064
NGC 3627,927.0,0.012311
NGC 3627,921.8,0.016815
NGC 3627,916.6,0.025469
NGC 3627,911.5,0.033891
NGC 3627,906.3,0.048284
NGC 3627,901.1,0.065615
NGC 3627,895.9,0.083295
NGC 3627,890.7,0.10384
NGC 3627,885.5,0.12694
NGC 3627,880.4,0.14878
NGC 3627,875.2,0.16147
NGC 3627,870.0,0.16514
NGC 3627,864.8,0.15744
NGC 3627,859.6,0.15123
NGC 3627,854.4,0.15087
NGC 3627,849.3,0.1425
NGC 3627,844.1,0.12641
NGC 3627,838.9,0.12192
NGC 3627,833.7,0.11894
NGC 3627,828.5,0.12121
NGC 3627,823.3,0.11854
NGC 3627,818.2,0.11072
NGC 3627,813.0,0.10903
NGC 3627,807.8,0.11628
NGC 3627,802.6,0.11139
NGC 3627,797.4,0.10558
NGC 3627,792.3,0.10649
NGC 3627,787.1,0.11267
NGC 3627,781.9,0.1048
NGC 3627,776.7,0.10571
NGC 3627,771.5,0.097901
NGC 3627,766.4,0.091009
NGC 3627,761.2,0.097027
NGC 3627,756.0,0.092763
NGC 3627,750.8,0.080674
NGC 3627,745.7,0.080957
NGC 3627,740.5,0.080193
NGC 3627,735.3,0.090796
NGC 3627,730.1,0.080281
NGC 3627,724.9,0.082858
NGC 3627,719.8,0.089515
NGC 3627,714.6,0.099819
NGC 3627,709.4,0.10024
NGC 3627,704.2,0.10066
NGC 3627,699.1,0.098584
NGC 3627,693.9,0.10101
NGC 3627,688.7,0.091383
NGC 3627,683.5,0.098077
NGC 3627,678.3,0.096497
NGC 3627,673.2,0.094877
NGC 3627,668.0,0.10851
NGC 3627,662.8,0.09898
NGC 3627,657.6,0.1036
NGC 3627,652.5,0.092377
NGC 3627,647.3,0.091972
NGC 3627,642.1,0.10067
NGC 3627,636.9,0.10373
NGC 3627,631.8,0.10417
NGC 3627,626.6,0.11005
NGC 3627,621.4,0.1162
NGC 3627,616.2,0.11234
NGC 3627,611.1,0.11234
NGC 3627,605.9,0.11304
NGC 3627,600.7,0.11339
NGC 3627,595.5,0.1067
NGC 3627,590.4,0.10768
NGC 3627,585.2,0.11391
NGC 3627,580.0,0.11666
NGC 3627,574.9,0.11837
NGC 3627,569.7,0.12047
NGC 3627,564.5,0.1191
NGC 3627,559.3,0.11111
NGC 3627,554.2,0.093319
NGC 3627,549.0,0.075827
NGC 3627,543.8,0.057714
NGC 3627,538.7,0.043976
NGC 3627,533.5,0.034598
NGC 3627,528.3,0.028051
NGC 3627,523.1,0.024845
NGC 3627,518.0,0.016193
NGC 3627,512.8,0.011307
NGC 3627,507.6,0.0078891
NGC 3627,502.5,0.0058279
NGC 3627,497.3,
NGC 4214,355.5,0.0094942
NGC 4214,354.3,0.028563
NGC 4214,353.0,0.037537
NGC 4214,351.7,0.059542
NGC 4214,350.4,0.074108
NGC 4214,349.1,0.10672
NGC 4214,347.8,0.14743
NGC 4214,346.5,0.17451
NGC 4214,345.2,0.22097
NGC 4214,343.9,0.28211
NGC 4214,342.6,0.33415
NGC 4214,341.3,0.37706
NGC 4214,340.1,0.43858
NGC 4214,338.8,0.50172
NGC 4214,337.5,0.57882
NGC 4214,336.2,0.64657
NGC 4214,334.9,0.73728
NGC 4214,333.6,0.82256
NGC 4214,332.3,0.92595
NGC 4214,331.0,1.0535
NGC 4214,329.7,1.1326
NGC 4214,328.4,1.2663
NGC 4214,327.1,1.4098
NGC 4214,325.9,1.5582
NGC 4214,324.6,1.6626
NGC 4214,323.3,1.7803
NGC 4214,322.0,1.9258
NGC 4214,320.7,2.0453
NGC 4214,319.4,2.1891
NGC 4214,318.1,2.3424
NGC 4214,316.8,2.4733
NGC 4214,315.5,2.5742
NGC 4214,314.2,2.6471
NGC 4214,312.9,2.7111
NGC 4214,311.7,2.7503
NGC 4214,310.4,2.7742
NGC 4214,309.1,2.764
NGC 4214,307.8,2.7956
NGC 4214,306.5,2.8005
NGC 4214,305.2,2.8151
NGC 4214,303.9,2.7771
NGC 4214,302.6,2.7431
NGC 4214,301.3,2.6955
NGC 4214,300.0,2.6448
NGC 4214,298.7,2.6227
NGC 4214,297.5,2.6499
NGC 4214,296.2,2.623
NGC 4214,294.9,2.623
NGC 4214,293.6,2.5499
NGC 4214,292.3,2.5469
NGC 4214,291.0,2.5049
NGC 4214,289.7,2.5038
NGC 4214,288.4,2.4822
NGC 4214,287.1,2.4477
NGC 4214,285.8,2.4912
NGC 4214,284.5,2.5236
NGC 4214,283.3,2.5763
NGC 4214,282.0,2.696
NGC 4214,280.7,2.803
NGC 4214,279.4,2.8557
NGC 4214,278.1,2.9058
NGC 4214,276.8,2.9434
NGC 4214,275.5,2.9779
NGC 4214,274.2,2.9441
NGC 4214,272.9,2.9483
NGC 4214,271.6,2.8514
NGC 4214,270.4,2.7963
NGC 4214,269.1,2.7074
NGC 4214,267.8,2.5948
NGC 4214,266.5,2.4715
NGC 4214,265.2,2.3284
NGC 4214,263.9,2.2092
NGC 4214,262.6,2.0789
NGC 4214,261.3,1.9021
NGC 4214,260.0,1.761
NGC 4214,258.7,1.6199
NGC 4214,257.4,1.4961
NGC 4214,256.2,1.3484
NGC 4214,254.9,1.2127
NGC 4214,253.6,1.0649
NGC 4214,252.3,0.97387
NGC 4214,251.0,0.84222
NGC 4214,249.7,0.74223
NGC 4214,248.4,0.63253
NGC 4214,247.1,0.53098
NGC 4214,245.8,0.42638
NGC 4214,244.5,0.33892
NGC 4214,243.3,0.29438
NGC 4214,242.0,0.22409
NGC 4214,240.7,0.18175
NGC 4214,239.4,0.12884
NGC 4214,238.1,0.099659
NGC 4214,236.8,0.063939
NGC 4214,235.5,0.049022
NGC 4214,234.2,0.020977
NGC 4214,232.9,0.008326
NGC 4214,231.6,0.0014362
NGC 4214,230.3,
NGC 4449,319.3,
NGC 4449,314.2,
NGC 4449,309.2,0.025542
NGC 4449,304.1,0.052415
NGC 4449,298.9,0.11758
NGC 4449,293.7,0.2005
NGC 4449,288.6,0.35989
NGC 4449,283.4,0.51704
NGC 4449,278.3,0.61255
NGC 4449,273.1,0.66215
NGC 4449,267.9,0.77341
NGC 4449,262.8,0.80448
NGC 4449,257.6,0.86899
NGC 4449,252.4,1.0477
NGC 4449,247.3,1.334
NGC 4449,242.1,1.5984
NGC 4449,237.0,1.8152
NGC 4449,231.8,2.0573
NGC 4449,226.6,2.2192
NGC 4449,221.5,2.3392
NGC 4449,216.3,2.4296
NGC 4449,211.2,2.3793
NGC 4449,206.0,2.3633
NGC 4449,200.8,2.274
NGC 4449,195.7,2.295
NGC 4449,190.5,2.1986
NGC 4449,185.4,2.1006
NGC 4449,180.2,2.0107
NGC 4449,175.0,1.8854
NGC 4449,169.9,1.7103
NGC 4449,164.7,1.6556
NGC 4449,159.6,1.6724
NGC 4449,154.4,1.7137
NGC 4449,149.3,1.6798
NGC 4449,144.1,1.5338
NGC 4449,138.9,1.246
NGC 4449,133.8,0.88434
NGC 4449,128.6,0.65349
NGC 4449,123.5,0.41796
NGC 4449,118.3,0.26778
NGC 4449,113.2,0.15612
NGC 4449,108.0,0.081882
NGC 4449,102.8,0.010391
NGC 4449,97.6,
NGC 4449,92.5,
NGC 4736,489.7,
NGC 4736,484.5,
NGC 4736,479.4,
NGC 4736,474.2,
NGC 4736,469.0,
NGC 4736,463.9,
NGC 4736,458.7,0.0022486
NGC 4736,453.6,0.0051798
NGC 4736,448.4,0.0095772
NGC 4736,443.2,0.021478
NGC 4736,438.1,0.034622
NGC 4736,432.9,0.060173
NGC 4736,427.7,0.10098
NGC 4736,422.6,0.14584
NGC 4736,417.4,0.19389
NGC 4736,412.2,0.25722
NGC 4736,407.1,0.36945
NGC 4736,401.9,0.49483
NGC 4736,396.7,0.57513
NGC 4736,391.6,0.53316
NGC 4736,386.4,0.45527
NGC 4736,381.2,0.38986
NGC 4736,376.1,0.34607
NGC 4736,370.9,0.3097
NGC 4736,365.7,0.29489
NGC 4736,360.6,0.28604
NGC 4736,355.4,0.28853
NGC 4736,350.2,0.26134
NGC 4736,345.1,0.24424
NGC 4736,339.9,0.22083
NGC 4736,334.7,0.2205
NGC 4736,329.6,0.21217
NGC 4736,324.4,0.21005
NGC 4736,319.2,0.21115
NGC 4736,314.1,0.23041
NGC 4736,308.9,0.25262
NGC 4736,303.7,0.25779
NGC 4736,298.6,0.25513
NGC 4736,293.4,0.26843
NGC 4736,288.3,0.27906
NGC 4736,283.1,0.28636
NGC 4736,277.9,0.29679
NGC 4736,272.8,0.31079
NGC 4736,267.6,0.32394
NGC 4736,262.4,0.32033
NGC 4736,257.3,0.32955
NGC 4736,252.1,0.36331
NGC 4736,247.0,0.40561
NGC 4736,241.8,0.48184
NGC 4736,236.6,0.52672
NGC 4736,231.5,0.49192
NGC 4736,226.3,0.4529
NGC 4736,221.2,0.43176
NGC 4736,216.0,0.41713
NGC 4736,210.8,0.38493
NGC 4736,205.7,0.31835
NGC 4736,200.5,0.23307
NGC 4736,195.4,0.17131
NGC 4736,190.2,0.11491
NGC 4736,185.0,0.072382
NGC 4736,179.9,0.043936
NGC 4736,174.7,0.02132
NGC 4736,169.6,0.0098528
NGC 4736,164.4,0.006548
NGC 4736,159.2,0.0044342
NGC 4736,154.1,0.0010293
NGC 4736,148.9,0.00077261
NGC 4736,143.7,
NGC 4826,603.6,
NGC 4826,598.4,
NGC 4826,593.2,
NGC 4826,588.0,
NGC 4826,582.9,0.017388
NGC 4826,577.7,0.021475
NGC 4826,572.6,0.029023
NGC 4826,567.4,0.075803
NGC 4826,562.2,0.12396
NGC 4826,557.1,0.20717
NGC 4826,551.9,0.29912
NGC 4826,546.7,0.32235
NGC 4826,541.5,0.28588
NGC 4826,536.4,0.26429
NGC 4826,531.2,0.22396
NGC 4826,526.0,0.21565
NGC 4826,520.9,0.19652
NGC 4826,515.7,0.18379
NGC 4826,510.5,0.16008
NGC 4826,505.3,0.16206
NGC 4826,500.2,0.17048
NGC 4826,495.0,0.15829
NGC 4826,489.8,0.14588
NGC 4826,484.7,0.13605
NGC 4826,479.5,0.13229
NGC 4826,474.3,0.1346
NGC 4826,469.2,0.11224
NGC 4826,464.0,0.099366
NGC 4826,458.8,0.094
NGC 4826,453.7,0.086248
NGC 4826,448.5,0.087408
NGC 4826,443.3,0.080878
NGC 4826,438.2,0.074253
NGC 4826,433.0,0.09268
NGC 4826,427.8,0.085484
NGC 4826,422.7,0.090633
NGC 4826,417.5,0.096018
NGC 4826,412.3,0.10131
NGC 4826,407.1,0.10867
NGC 4826,402.0,0.10132
NGC 4826,396.8,0.099161
NGC 4826,391.7,0.080991
NGC 4826,386.5,0.071566
NGC 4826,381.3,0.080784
NGC 4826,376.2,0.08436
NGC 4826,371.0,0.091339
NGC 4826,365.8,0.080254
NGC 4826,360.7,0.071844
NGC 4826,355.5,0.059166
NGC 4826,350.3,0.073264
NGC 4826,345.2,0.083271
NGC 4826,340.0,0.091213
NGC 4826,334.8,0.086537
NGC 4826,329.7,0.10249
NGC 4826,324.5,0.093932
NGC 4826,319.3,0.10655
NGC 4826,314.2,0.11453
NGC 4826,309.0,0.13871
NGC 4826,303.9,0.13995
NGC 4826,298.7,0.15306
NGC 4826,293.5,0.14553
NGC 4826,288.4,0.13948
NGC 4826,283.2,0.14302
NGC 4826,278.0,0.13674
NGC 4826,272.9,0.14592
NGC 4826,267.7,0.13866
NGC 4826,262.6,0.11573
NGC 4826,257.4,0.084302
NGC 4826,252.2,0.056105
NGC 4826,247.1,0.030691
NGC 4826,241.9,0.0098807
NGC 4826,236.7,0.0084046
NGC 4826,231.6,0.0028866
NGC 4826,226.4,
NGC 4826,221.3,
NGC 5055,724.5,
NGC 5055,719.3,0.0092608
NGC 5055,714.1,0.020262
NGC 5055,708.9,0.065353
NGC 5055,703.8,0.15461
NGC 5055,698.6,0.30566
NGC 5055,693.4,0.4958
NGC 5055,688.2,0.67414
NGC 5055,683.1,0.80169
NGC 5055,677.9,0.87939
NGC 5055,672.7,0.965
NGC 5055,667.5,1.0269
NGC 5055,662.4,1.1595
NGC 5055,657.2,1.2678
NGC 5055,652.0,1.3433
NGC 5055,646.8,1.3842
NGC 5055,641.7,1.3318
NGC 5055,636.5,1.2075
NGC 5055,631.3,1.1199
NGC 5055,626.1,1.0733
NGC 5055,621.0,1.0493
NGC 5055,615.8,1.0464
NGC 5055,610.6,1.0296
NGC 5055,605.4,1.0421
NGC 5055,600.3,1.054
NGC 5055,595.1,1.028
NGC 5055,589.9,0.98782
NGC 5055,584.7,0.95587
NGC 5055,579.6,0.94902
NGC 5055,574.4,0.98418
NGC 5055,569.2,1.0135
NGC 5055,564.1,1.0184
NGC 5055,558.9,0.97768
NGC 5055,553.7,0.9838
NGC 5055,548.5,0.94523
NGC 5055,543.4,0.93455
NGC 5055,538.2,0.89124
NGC 5055,533.0,0.85731
NGC 5055,527.9,0.88037
NGC 5055,522.7,0.90562
NGC 5055,517.5,0.92493
NGC 5055,512.3,0.90379
NGC 5055,507.2,0.87547
NGC 5055,502.0,0.88377
NGC 5055,496.8,0.91785
NGC 5055,491.7,0.95141
NGC 5055,486.5,0.98287
NGC 5055,481.3,1.0194
NGC 5055,476.2,1.0208
NGC 5055,471.0,0.96501
NGC 5055,465.8,0.92806
NGC 5055,460.7,0.94479
NGC 5055,455.5,0.99704
NGC 5055,450.3,1.011
NGC 5055,445.2,1.0332
NGC 5055,440.0,0.96361
NGC 5055,434.8,0.89342
NGC 5055,429.6,0.85596
NGC 5055,424.5,0.79603
NGC 5055,419.3,0.76322
NGC 5055,414.1,0.75842
NGC 5055,409.0,0.76653
NGC 5055,403.8,0.81138
NGC 5055,398.6,0.86222
NGC 5055,393.5,0.89607
NGC 5055,388.3,0.87401
NGC 5055,383.2,0.87981
NGC 5055,378.0,0.89677
NGC 5055,372.8,0.99498
NGC 5055,367.7,1.009
NGC 5055,362.5,1.0187
NGC 5055,357.3,0.99138
NGC 5055,352.2,1.0168
NGC 5055,347.0,1.0163
NGC 5055,341.8,0.95459
NGC 5055,336.7,0.89047
NGC 5055,331.5,0.91063
NGC 5055,326.3,0.9324
NGC 5055,321.2,0.90482
NGC 5055,316.0,0.83242
NGC 5055,310.8,0.66056
NGC 5055,305.7,0.43388
NGC 5055,300.5,0.2423
NGC 5055,295.4,0.11772
NGC 5055,290.2,0.044477
NGC 5055,285.0,0.017187
NGC 5055,279.8,
NGC 5194,659.5,0.029184
NGC 5194,654.4,0.023673
NGC 5194,649.2,0.032426
NGC 5194,644.0,0.023185
NGC 5194,638.8,0.026726
NGC 5194,633.7,0.02791
NGC 5194,628.5,0.011199
NGC 5194,623.3,0.011923
NGC 5194,618.1,0.012988
NGC 5194,613.0,0.0083986
NGC 5194,607.8,0.012302
NGC 5194,602.6,0.008824
NGC 5194,597.4,0.013957
NGC 5194,592.3,0.01941
NGC 5194,587.1,0.019963
NGC 5194,581.9,0.02708
NGC 5194,576.8,0.060807
NGC 5194,571.6,0.079926
NGC 5194,566.4,0.11006
NGC 5194,561.2,0.13923
NGC 5194,556.1,0.19033
NGC 5194,550.9,0.30597
NGC 5194,545.7,0.43915
NGC 5194,540.5,0.64316
NGC 5194,535.4,0.88952
NGC 5194,530.2,1.1459
NGC 5194,525.0,1.3034
NGC 5194,519.9,1.3828
NGC 5194,514.7,1.4145
NGC 5194,509.5,1.3642
NGC 5194,504.4,1.2465
NGC 5194,499.2,1.1756
NGC 5194,494.0,1.0755
NGC 5194,488.8,1.0062
NGC 5194,483.7,0.94378
NGC 5194,478.5,0.89348
NGC 5194,473.3,0.82612
NGC 5194,468.2,0.77337
NGC 5194,463.0,0.7684
NGC 5194,457.8,0.79396
NGC 5194,452.7,0.81419
NGC 5194,447.5,0.84036
NGC 5194,442.3,0.89404
NGC 5194,437.2,0.92279
NGC 5194,432.0,0.91303
NGC 5194,426.8,0.83079
NGC 5194,421.6,0.75665
NGC 5194,416.5,0.73735
NGC 5194,411.3,0.72469
NGC 5194,406.1,0.77491
NGC 5194,401.0,0.78069
NGC 5194,395.8,0.75353
NGC 5194,390.6,0.69538
NGC 5194,385.5,0.63916
NGC 5194,380.3,0.54098
NGC 5194,375.1,0.43481
NGC 5194,370.0,0.35204
NGC 5194,364.8,0.25323
NGC 5194,359.7,0.17193
NGC 5194,354.5,0.12736
NGC 5194,349.3,0.099102
NGC 5194,344.2,0.069765
NGC 5194,339.0,0.053996
NGC 5194,333.8,0.041211
NGC 5194,328.7,0.031927
NGC 5194,323.5,0.019576
NGC 5194,318.3,0.016962
NGC 5194,313.2,0.010341
NGC 5194,308.0,0.0080246
NGC 5194,302.8,0.0088907
NGC 5194,297.7,0.0064415
NGC 5194,292.5,
NGC 5194,287.4,
NGC 5194,282.2,
NGC 5194,277.0,
NGC 5194,271.8,
NGC 5194,266.7,
NGC 5236,670.6,
NGC 5236,668.0,
NGC 5236,665.5,
NGC 5236,662.9,
NGC 5236,660.3,
NGC 5236,657.7,0.024266
NGC 5236,655.1,0.10192
NGC 5236,652.5,0.18256
NGC 5236,649.9,0.28793
NGC 5236,647.3,0.39899
NGC 5236,644.7,0.4894
NGC 5236,642.2,0.53918
NGC 5236,639.6,0.60779
NGC 5236,637.0,0.60587
NGC 5236,634.4,0.62047
NGC 5236,631.8,0.6219
NGC 5236,629.2,0.62123
NGC 5236,626.6,0.60108
NGC 5236,624.0,0.62789
NGC 5236,621.5,0.62165
NGC 5236,618.9,0.71466
NGC 5236,616.3,0.75404
NGC 5236,613.7,0.79377
NGC 5236,611.1,0.89259
NGC 5236,608.5,0.97006
NGC 5236,605.9,1.0709
NGC 5236,603.3,1.1276
NGC 5236,600.8,1.1905
NGC 5236,598.2,1.3457
NGC 5236,595.6,1.5075
NGC 5236,593.0,1.6241
NGC 5236,590.4,1.6869
NGC 5236,587.8,1.7967
NGC 5236,585.2,1.8857
NGC 5236,582.7,1.9579
NGC 5236,580.1,1.95
NGC 5236,577.5,1.9555
NGC 5236,574.9,1.9612
NGC 5236,572.3,1.9925
NGC 5236,569.7,2.0308
NGC 5236,567.1,2.0382
NGC 5236,564.5,2.0497
NGC 5236,562.0,2.0651
NGC 5236,559.4,2.0154
NGC 5236,556.8,1.927
NGC 5236,554.2,1.8699
NGC 5236,551.6,1.8532
NGC 5236,549.0,1.7604
NGC 5236,546.4,1.7284
NGC 5236,543.9,1.6871
NGC 5236,541.3,1.6593
NGC 5236,538.7,1.6093
NGC 5236,536.1,1.6091
NGC 5236,533.5,1.601
NGC 5236,530.9,1.6084
NGC 5236,528.3,1.6077
NGC 5236,525.8,1.6404
NGC 5236,523.2,1.6281
NGC 5236,520.6,1.629
NGC 5236,518.0,1.6189
NGC 5236,515.4,1.5723
NGC 5236,512.8,1.5177
NGC 5236,510.2,1.5078
NGC 5236,507.7,1.4424
NGC 5236,505.1,1.4337
NGC 5236,502.5,1.4333
NGC 5236,499.9,1.4171
NGC 5236,497.3,1.4201
NGC 5236,494.7,1.4471
NGC 5236,492.1,1.4513
NGC 5236,489.6,1.4485
NGC 5236,487.0,1.4327
NGC 5236,484.4,1.418
NGC 5236,481.8,1.3974
NGC 5236,479.2,1.3832
NGC 5236,476.6,1.4137
NGC 5236,474.1,1.3639
NGC 5236,471.5,1.4136
NGC 5236,468.9,1.3967
NGC 5236,466.3,1.409
NGC 5236,463.7,1.4549
NGC 5236,461.1,1.4929
NGC 5236,458.5,1.5212
NGC 5236,456.0,1.5669
NGC 5236,453.4,1.6179
NGC 5236,450.8,1.6126
NGC 5236,448.2,1.601
NGC 5236,445.6,1.6379
NGC 5236,443.0,1.6829
NGC 5236,440.5,1.6972
NGC 5236,437.9,1.6275
NGC 5236,435.3,1.6327
NGC 5236,432.7,1.572
NGC 5236,430.1,1.4984
NGC 5236,427.5,1.3788
NGC 5236,425.0,1.2911
NGC 5236,422.4,1.2326
NGC 5236,419.8,1.1312
NGC 5236,417.2,1.0855
NGC 5236,414.6,1.0461
NGC 5236,412.0,0.97237
NGC 5236,409.4,0.94666
NGC 5236,406.9,0.88238
NGC 5236,404.3,0.77164
NGC 5236,401.7,0.71185
NGC 5236,399.1,0.64926
NGC 5236,396.5,0.61243
NGC 5236,393.9,0.5351
NGC 5236,391.4,0.5265
NGC 5236,388.8,0.51288
NGC 5236,386.2,0.50682
NGC 5236,383.6,0.49585
NGC 5236,381.0,0.45032
NGC 5236,378.4,0.39581
NGC 5236,375.9,0.35522
NGC 5236,373.3,0.34328
NGC 5236,370.7,0.30099
NGC 5236,368.1,0.23159
NGC 5236,365.5,0.085338
NGC 5236,362.9,
NGC 5236,360.3,
NGC 5236,357.7,
NGC 5236,355.2,
NGC 5457,436.6,0.050714
NGC 5457,431.4,0.075215
NGC 5457,426.2,0.078735
NGC 5457,421.1,0.099933
NGC 5457,415.9,0.10881
NGC 5457,410.7,0.12973
NGC 5457,405.6,0.15472
NGC 5457,400.4,0.13995
NGC 5457,395.2,0.167
NGC 5457,390.1,0.18574
NGC 5457,384.9,0.18316
NGC 5457,379.7,0.19617
NGC 5457,374.6,0.2086
NGC 5457,369.4,0.23697
NGC 5457,364.2,0.22848
NGC 5457,359.1,0.23711
NGC 5457,353.9,0.28278
NGC 5457,348.7,0.32136
NGC 5457,343.6,0.41389
NGC 5457,338.4,0.61328
NGC 5457,333.2,0.85198
NGC 5457,328.1,1.3025
NGC 5457,322.9,2.0751
NGC 5457,317.8,3.2781
NGC 5457,312.6,4.6139
NGC 5457,307.4,5.6606
NGC 5457,302.3,6.4683
NGC 5457,297.1,6.8973
NGC 5457,291.9,6.6068
NGC 5457,286.8,6.9076
NGC 5457,281.6,7.5185
NGC 5457,276.5,8.1103
NGC 5457,271.3,8.0229
NGC 5457,266.1,7.7146
NGC 5457,261.0,7.2581
NGC 5457,255.8,6.795
NGC 5457,250.6,6.3158
NGC 5457,245.5,5.7182
NGC 5457,240.3,5.3024
NGC 5457,235.2,5.1561
NGC 5457,230.0,5.2018
NGC 5457,224.8,5.4226
NGC 5457,219.7,5.5505
NGC 5457,214.5,5.5468
NGC 5457,209.4,5.6619
NGC 5457,204.2,5.5803
NGC 5457,199.0,5.6979
NGC 5457,193.9,5.881
NGC 5457,188.7,6.0638
NGC 5457,183.6,6.1476
NGC 5457,178.4,5.9993
NGC 5457,173.2,5.4636
NGC 5457,168.1,4.6799
NGC 5457,162.9,3.9889
NGC 5457,157.8,3.5418
NGC 5457,152.6,3.3739
NGC 5457,147.4,3.1766
NGC 5457,142.3,2.9423
NGC 5457,137.1,2.5368
NGC 5457,132.0,1.9178
NGC 5457,126.8,1.2099
NGC 5457,121.7,0.64875
NGC 5457,116.5,0.29814
NGC 5457,111.3,0.12035
NGC 5457,106.2,0.032334
NGC 5457,101.0,
NGC 5457,95.9,
NGC 5457,90.7,
NGC 5457,85.5,
NGC 628,735.6,
NGC 628,733.0,
NGC 628,730.4,
NGC 628,727.8,0.04664
NGC 628,725.2,0.098023
NGC 628,722.7,0.1365
NGC 628,720.1,0.13122
NGC 628,717.5,0.22774
NGC 628,714.9,0.23632
NGC 628,712.3,0.29478
NGC 628,709.7,0.35981
NGC 628,707.1,0.4247
NGC 628,704.5,0.47499
NGC 628,701.9,0.58957
NGC 628,699.4,0.75583
NGC 628,696.8,0.96809
NGC 628,694.2,1.2397
NGC 628,691.6,1.5593
NGC 628,689.0,1.9353
NGC 628,686.4,2.4522
NGC 628,683.8,3.1089
NGC 628,681.2,3.656
NGC 628,678.6,4.1392
NGC 628,676.1,4.451
NGC 628,673.5,4.6106
NGC 628,670.9,4.7172
NGC 628,668.3,4.7734
NGC 628,665.7,4.8369
NGC 628,663.1,4.7486
NGC 628,660.5,4.6249
NGC 628,657.9,4.6125
NGC 628,655.4,4.6862
NGC 628,652.8,4.9143
NGC 628,650.2,5.1817
NGC 628,647.6,5.3498
NGC 628,645.0,5.3267
NGC 628,642.4,5.1418
NGC 628,639.8,4.7911
NGC 628,637.2,4.34
NGC 628,634.7,3.7871
NGC 628,632.1,3.1533
NGC 628,629.5,2.4881
NGC 628,626.9,1.9325
NGC 628,624.3,1.4159
NGC 628,621.7,1.0999
NGC 628,619.1,0.81718
NGC 628,616.5,0.61493
NGC 628,614.0,0.47322
NGC 628,611.4,0.34335
NGC 628,608.8,0.24615
NGC 628,606.2,0.14812
NGC 628,603.6,0.13755
NGC 628,601.0,0.11094
NGC 628,598.4,0.05956
NGC 628,595.8,0.05357
NGC 628,593.3,0.039403
NGC 628,590.7,
NGC 628,588.1,
NGC 6946,189.2,
NGC 6946,186.6,0.010442
NGC 6946,184.0,0.012382
NGC 6946,181.4,0.018451
NGC 6946,178.9,0.03073
NGC 6946,176.3,0.063671
NGC 6946,173.7,0.075014
NGC 6946,171.1,0.097898
NGC 6946,168.5,0.22451
NGC 6946,166.0,0.3435
NGC 6946,163.4,0.61835
NGC 6946,160.8,0.95196
NGC 6946,158.2,1.3872
NGC 6946,155.6,1.8714
NGC 6946,153.1,2.3227
NGC 6946,150.5,2.7716
NGC 6946,147.9,3.0117
NGC 6946,145.3,3.1893
NGC 6946,142.7,3.2375
NGC 6946,140.2,3.2395
NGC 6946,137.6,3.077
NGC 6946,135.0,2.9064
NGC 6946,132.4,2.7423
NGC 6946,129.8,2.6371
NGC 6946,127.3,2.4737
NGC 6946,124.7,2.3979
NGC 6946,122.1,2.2765
NGC 6946,119.5,2.2711
NGC 6946,116.9,2.1553
NGC 6946,114.4,2.0994
NGC 6946,111.8,2.0783
NGC 6946,109.2,2.0404
NGC 6946,106.6,2.0014
NGC 6946,104.0,2.0061
NGC 6946,101.5,2.0401
NGC 6946,98.92,1.9935
NGC 6946,96.32,1.9264
NGC 6946,93.73,1.9399
NGC 6946,91.12,2.0656
NGC 6946,88.62,2.0363
NGC 6946,86.02,2.0227
NGC 6946,83.42,2.0872
NGC 6946,80.82,2.0995
NGC 6946,78.22,2.1154
NGC 6946,75.72,2.1915
NGC 6946,73.12,2.1171
NGC 6946,70.52,2.1334
NGC 6946,67.92,2.1905
NGC 6946,65.42,2.1763
NGC 6946,62.82,2.2609
NGC 6946,60.22,2.367
NGC 6946,57.62,2.3558
NGC 6946,55.02,2.3584
NGC 6946,52.52,2.3029
NGC 6946,49.92,2.3057
NGC 6946,47.32,2.3035
NGC 6946,44.72,2.1989
NGC 6946,42.12,2.0956
NGC 6946,39.62,2.0664
NGC 6946,37.02,2.048
NGC 6946,34.42,1.9265
NGC 6946,31.82,1.9176
NGC 6946,29.32,1.8876
NGC 6946,26.72,1.8874
NGC 6946,24.12,1.9719
NGC 6946,21.52,1.9626
NGC 6946,18.92,1.9024
NGC 6946,16.42,1.9685
NGC 6946,13.82,1.9432
NGC 6946,11.22,1.8852
NGC 6946,8.625,1.7712
NGC 6946,6.025,1.7764
NGC 6946,3.525,1.8081
NGC 6946,0.925,1.7653
NGC 6946,-1.675,1.7251
NGC 6946,-4.275,1.7156
NGC 6946,-6.775,1.7136
NGC 6946,-9.375,1.2727
NGC 6946,-11.98,1.0919
NGC 6946,-14.58,1.3233
NGC 6946,-17.18,1.6442
NGC 6946,-19.68,1.3641
NGC 6946,-22.28,2.0246
NGC 6946,-24.88,2.7131
NGC 6946,-27.48,2.7348
NGC 6946,-29.98,2.7913
NGC 6946,-32.58,2.1547
NGC 6946,-35.18,2.4206
NGC 6946,-37.78,2.9389
NGC 6946,-40.28,2.8822
NGC 6946,-42.88,2.5247
NGC 6946,-45.48,2.3393
NGC 6946,-48.08,2.2416
NGC 6946,-50.68,2.3282
NGC 6946,-53.18,2.1838
NGC 6946,-55.78,2.0816
NGC 6946,-58.38,1.9279
NGC 6946,-60.98,1.7412
NGC 6946,-63.48,1.5546
NGC 6946,-66.08,1.3132
NGC 6946,-68.68,1.0472
NGC 6946,-71.28,0.89426
NGC 6946,-73.78,0.72538
NGC 6946,-76.38,0.59767
NGC 6946,-78.98,0.44233
NGC 6946,-81.58,0.33201
NGC 6946,-84.18,0.25438
NGC 6946,-86.68,0.18868
NGC 6946,-89.28,0.13501
NGC 6946,-91.88,0.11389
NGC 6946,-94.48,0.060394
NGC 6946,-96.98,0.02546
NGC 6946,-99.58,
NGC 6946,-102.2,
NGC 6946,-104.7,
NGC 7331,1132.2,
NGC 7331,1127.0,
NGC 7331,1121.8,
NGC 7331,1116.6,
NGC 7331,1111.5,
NGC 7331,1106.3,
NGC 7331,1101.1,
NGC 7331,1095.9,0.016253
NGC 7331,1090.7,0.032374
NGC 7331,1085.5,0.057123
NGC 7331,1080.3,0.09709
NGC 7331,1075.1,0.15602
NGC 7331,1069.9,0.2573
NGC 7331,1064.7,0.40947
NGC 7331,1059.5,0.5495
NGC 7331,1054.3,0.68222
NGC 7331,1049.1,0.74321
NGC 7331,1044.0,0.75445
NGC 7331,1038.8,0.69722
NGC 7331,1033.6,0.66006
NGC 7331,1028.4,0.59952
NGC 7331,1023.2,0.54719
NGC 7331,1018.0,0.49581
NGC 7331,1012.8,0.4487
NGC 7331,1007.6,0.41296
NGC 7331,1002.4,0.39824
NGC 7331,997.3,0.37752
NGC 7331,992.1,0.37582
NGC 7331,986.9,0.37216
NGC 7331,981.7,0.3716
NGC 7331,976.5,0.36299
NGC 7331,971.3,0.36082
NGC 7331,966.1,0.35542
NGC 7331,961.0,0.3433
NGC 7331,955.8,0.33347
NGC 7331,950.6,0.32116
NGC 7331,945.4,0.31528
NGC 7331,940.2,0.31089
NGC 7331,935.0,0.31749
NGC 7331,929.8,0.31511
NGC 7331,924.7,0.29753
NGC 7331,919.5,0.28729
NGC 7331,914.3,0.28883
NGC 7331,909.1,0.28634
NGC 7331,903.9,0.29083
NGC 7331,898.7,0.29484
NGC 7331,893.6,0.30249
NGC 7331,888.4,0.29768
NGC 7331,883.2,0.2844
NGC 7331,878.0,0.27149
NGC 7331,872.8,0.27054
NGC 7331,867.6,0.258
NGC 7331,862.5,0.26154
NGC 7331,857.3,0.25656
NGC 7331,852.1,0.25246
NGC 7331,846.9,0.24852
NGC 7331,841.7,0.25108
NGC 7331,836.5,0.24857
NGC 7331,831.4,0.24174
NGC 7331,826.2,0.2343
NGC 7331,821.0,0.23596
NGC 7331,815.8,0.2417
NGC 7331,810.6,0.25124
NGC 7331,805.5,0.24893
NGC 7331,800.3,0.23418
NGC 7331,795.1,0.22698
NGC 7331,789.9,0.23118
NGC 7331,784.7,0.2224
NGC 7331,779.5,0.22979
NGC 7331,774.4,0.23015
NGC 7331,769.2,0.22836
NGC 7331,764.0,0.21747
NGC 7331,758.8,0.23483
NGC 7331,753.7,0.23042
NGC 7331,748.5,0.23659
NGC 7331,743.3,0.24688
NGC 7331,738.1,0.23019
NGC 7331,732.9,0.23634
NGC 7331,727.8,0.22392
NGC 7331,722.6,0.24126
NGC 7331,717.4,0.25962
NGC 7331,712.2,0.26564
NGC 7331,707.0,0.27528
NGC 7331,701.9,0.29169
NGC 7331,696.7,0.28488
NGC 7331,691.5,0.27219
NGC 7331,686.3,0.28177
NGC 7331,681.2,0.27439
NGC 7331,676.0,0.2788
NGC 7331,670.8,0.28445
NGC 7331,665.6,0.2982
NGC 7331,660.5,0.30312
NGC 7331,655.3,0.31521
NGC 7331,650.1,0.31147
NGC 7331,644.9,0.32789
NGC 7331,639.8,0.33696
NGC 7331,634.6,0.33737
NGC 7331,629.4,0.36804
NGC 7331,624.2,0.37675
NGC 7331,619.1,0.39875
NGC 7331,613.9,0.43819
NGC 7331,608.7,0.45442
NGC 7331,603.5,0.52514
NGC 7331,598.4,0.58316
NGC 7331,593.2,0.60959
NGC 7331,588.0,0.60352
NGC 7331,582.8,0.53034
NGC 7331,577.7,0.47093
NGC 7331,572.5,0.39034
NGC 7331,567.3,0.30644
NGC 7331,562.2,0.21072
NGC 7331,557.0,0.13467
NGC 7331,551.8,0.082626
NGC 7331,546.6,0.042269
NGC 7331,541.5,0.014329
NGC 7331,536.3,
NGC 7793,346.1,
NGC 7793,343.5,
NGC 7793,340.9,
NGC 7793,338.4,
NGC 7793,335.8,
NGC 7793,333.2,0.043259
NGC 7793,330.7,0.058028
NGC 7793,328.1,0.13373
NGC 7793,325.5,0.18291
NGC 7793,322.9,0.29572
NGC 7793,320.3,0.4119
NGC 7793,317.8,0.58957
NGC 7793,315.2,0.73828
NGC 7793,312.6,0.9127
NGC 7793,310.0,1.1236
NGC 7793,307.4,1.2664
NGC 7793,304.8,1.3998
NGC 7793,302.3,1.493
NGC 7793,299.7,1.5015
NGC 7793,297.1,1.5022
NGC 7793,294.5,1.5225
NGC 7793,291.9,1.4999
NGC 7793,289.4,1.4649
NGC 7793,286.8,1.4487
NGC 7793,284.2,1.4683
NGC 7793,281.6,1.434
NGC 7793,279.0,1.4765
NGC 7793,276.5,1.4696
NGC 7793,273.9,1.4866
NGC 7793,271.3,1.484
NGC 7793,268.7,1.4347
NGC 7793,266.1,1.427
NGC 7793,263.5,1.3718
NGC 7793,261.0,1.3486
NGC 7793,258.4,1.3067
NGC 7793,255.8,1.2565
NGC 7793,253.2,1.1946
NGC 7793,250.6,1.1471
NGC 7793,248.1,1.1048
NGC 7793,245.5,1.0379
NGC 7793,242.9,1.0136
NGC 7793,240.3,1.04
NGC 7793,237.7,1.0906
NGC 7793,235.2,1.0404
NGC 7793,232.6,1.0447
NGC 7793,230.0,1.0613
NGC 7793,227.4,1.0682
NGC 7793,224.8,1.03
NGC 7793,222.3,1.0642
NGC 7793,219.7,1.0606
NGC 7793,217.1,1.1157
NGC 7793,214.5,1.0857
NGC 7793,211.9,1.1173
NGC 7793,209.4,1.1536
NGC 7793,206.8,1.2075
NGC 7793,204.2,1.2209
NGC 7793,201.6,1.2412
NGC 7793,199.0,1.181
NGC 7793,196.5,1.2119
NGC 7793,193.9,1.189
NGC 7793,191.3,1.2126
NGC 7793,188.7,1.2896
NGC 7793,186.1,1.382
NGC 7793,183.6,1.4504
NGC 7793,181.0,1.5161
NGC 7793,178.4,1.557
NGC 7793,175.8,1.601
NGC 7793,173.2,1.7128
NGC 7793,170.7,1.7416
NGC 7793,168.1,1.7523
NGC 7793,165.5,1.7118
NGC 7793,162.9,1.7036
NGC 7793,160.4,1.697
NGC 7793,157.8,1.681
NGC 7793,155.2,1.6645
NGC 7793,152.6,1.6562
NGC 7793,150.0,1.5952
NGC 7793,147.5,1.4803
NGC 7793,144.9,1.3552
NGC 7793,142.3,1.1831
NGC 7793,139.7,0.97696
NGC 7793,137.1,0.78321
NGC 7793,134.6,0.57987
NGC 7793,132.0,0.36827
NGC 7793,129.4,0.25276
NGC 7793,126.8,0.16925
NGC 7793,124.3,0.11039
NGC 7793,121.7,0.057021
NGC 7793,119.1,0.012475
NGC 7793,116.5,
NGC 7793,113.9,
NGC 925,684.0,
NGC 925,681.4,
NGC 925,678.8,0.023315
NGC 925,676.2,0.07652
NGC 925,673.6,0.093372
NGC 925,671.1,0.1244
NGC 925,668.5,0.15502
NGC 925,665.9,0.23769
NGC 925,663.3,0.29915
NGC 925,660.7,0.39562
NGC 925,658.1,0.53902
NGC 925,655.5,0.68432
NGC 925,652.9,0.86685
NGC 925,650.4,1.0507
NGC 925,647.8,1.2068
NGC 925,645.2,1.3113
NGC 925,642.6,1.3853
NGC 925,640.0,1.431
NGC 925,637.4,1.4048
NGC 925,634.8,1.3987
NGC 925,632.2,1.3592
NGC 925,629.7,1.307
NGC 925,627.1,1.2769
NGC 925,624.5,1.2345
NGC 925,621.9,1.1877
NGC 925,619.3,1.153
NGC 925,616.7,1.1435
NGC 925,614.1,1.1229
NGC 925,611.6,1.1227
NGC 925,609.0,1.1079
NGC 925,606.4,1.1273
NGC 925,603.8,1.1152
NGC 925,601.2,1.1347
NGC 925,598.6,1.097
NGC 925,596.0,1.1263
NGC 925,593.4,1.1074
NGC 925,590.9,1.0972
NGC 925,588.3,1.0288
NGC 925,585.7,1.0319
NGC 925,583.1,0.97312
NGC 925,580.5,0.93985
NGC 925,577.9,0.90033
NGC 925,575.3,0.8266
NGC 925,572.8,0.80943
NGC 925,570.2,0.80381
NGC 925,567.6,0.81361
NGC 925,565.0,0.82588
NGC 925,562.4,0.85116
NGC 925,559.8,0.84815
NGC 925,557.2,0.85986
NGC 925,554.7,0.89093
NGC 925,552.1,0.90918
NGC 925,549.5,0.95096
NGC 925,546.9,0.97549
NGC 925,544.3,0.99837
NGC 925,541.7,1.0085
NGC 925,539.1,1.0438
NGC 925,536.6,1.078
NGC 925,534.0,1.0585
NGC 925,531.4,1.0332
NGC 925,528.8,1.0483
NGC 925,526.2,0.98914
NGC 925,523.6,0.96809
NGC 925,521.0,1.0326
NGC 925,518.5,1.0296
NGC 925,515.9,1.0291
NGC 925,513.3,1.0457
NGC 925,510.7,1.0077
NGC 925,508.1,1.0868
NGC 925,505.5,1.0926
NGC 925,503.0,1.1255
NGC 925,500.4,1.1509
NGC 925,497.8,1.2213
NGC 925,495.2,1.1944
NGC 925,492.6,1.2204
NGC 925,490.0,1.2502
NGC 925,487.4,1.2655
NGC 925,484.9,1.2038
NGC 925,482.3,1.2021
NGC 925,479.7,1.2
NGC 925,477.1,1.1278
NGC 925,474.5,1.1016
NGC 925,471.9,1.0593
NGC 925,469.4,1.102
NGC 925,466.8,1.1283
NGC 925,464.2,1.1373
NGC 925,461.6,1.1161
NGC 925,459.0,1.0659
NGC 925,456.4,0.98012
NGC 925,453.8,0.86264
NGC 925,451.3,0.75099
NGC 925,448.7,0.61282
NGC 925,446.1,0.45153
NGC 925,443.5,0.32484
NGC 925,440.9,0.21289
NGC 925,438.3,0.14197
NGC 925,435.8,0.090319
NGC 925,433.2,0.043837
NGC 925,430.6,0.014694
NGC 925,428.0,
